"work_identifier","work_database"
"000001","site"
"000002","site"
"000003","site"
"000004","site"
"000005","site"
"000006","site"
"000007","site"
"000008","site"
"000009","site"
"000010","site"
"000011","site"
"000012","site"
"000013","site"
"000014","site"
"000015","site"
"000016","site"
"000017","site"
"000018","site"
"000019","site"
"000020","site"
"000021","site"
"000022","site"
"000023","site"
"000024","site"
"000025","site"
"000026","site"
"000027","site"
"000028","site"
"000029","site"
"000030","site"
"000031","site"
"000032","site"
"000033","site"
"000034","site"
"000035","site"
"000036","site"
"000037","site"
"000038","site"
"000039","site"
"000040","site"
"000041","site"
"000042","site"
"000043","site"
"000044","site"
"000045","site"
"000046","site"
"000047","site"
"000048","site"
"000049","site"
"000050","site"
"000051","site"
"000052","site"
"000053","site"
"000054","site"
"000055","site"
"000056","site"
"000057","site"
"000058","site"
"000059","site"
"000060","site"
"000061","site"
"000062","site"
"000063","site"
"000064","site"
"000065","site"
"000066","site"
"000067","site"
"000068","site"
"000069","site"
"000070","site"
"000071","site"
"000072","site"
"000073","site"
"000074","site"
"000075","site"
"000076","site"
"000077","site"
"000078","site"
"000079","site"
"000080","site"
"000081","site"
"000082","site"
"000083","site"
"000084","site"
"000085","site"
"000086","site"
"000087","site"
"000087","site"
"000088","site"
"000090","site"
"000091","site"
"000092","site"
"000093","site"
"000094","site"
"000095","site"
"000096","site"
"000097","site"
"000098","site"
"000099","site"
"000100","site"
"000101","site"
"000102","site"
"000103","site"
"000104","site"
"000105","site"
"000106","site"
"000107","site"
"000108","site"
"000109","site"
"000110","site"
"000111","site"
"000112","site"
"000113","site"
"000114","site"
"000115","site"
"000116","site"
"000117","site"
"000118","site"
"000119","site"
"000120","site"
"000121","site"
"000122","site"
"000123","site"
"000124","building"
"000125","building"
"000126","building"
"000127","building"
"000128","building"
"000129","building"
"000130","building"
"000131","building"
"000132","building"
"000133","building"
"000134","building"
"000135","building"
"000136","building"
"000137","building"
"000138","building"
"000139","building"
"000140","building"
"000141","building"
"000142","building"
"000143","building"
"000144","building"
"000145","building"
"000146","building"
"000147","building"
"000148","building"
"000149","building"
"000150","building"
"000151","building"
"000152","building"
"000153","building"
"000154","building"
"000155","building"
"000156","building"
"000157","building"
"000158","building"
"000159","building"
"000160","building"
"000161","building"
"000162","building"
"000163","building"
"000164","building"
"000165","building"
"000166","building"
"000167","building"
"000168","building"
"000169","building"
"000170","building"
"000171","building"
"000172","building"
"000173","building"
"000174","building"
"000175","building"
"000176","building"
"000177","building"
"000178","building"
"000179","building"
"000180","building"
"000181","building"
"000182","building"
"000183","building"
"000184","building"
"000185","building"
"000186","building"
"000187","building"
"000188","building"
"000189","building"
"000190","building"
"000191","building"
"000192","building"
"000193","building"
"000194","building"
"000195","building"
"000196","building"
"000197","building"
"000198","building"
"000199","building"
"000200","building"
"000201","building"
"000202","building"
"000203","building"
"000204","building"
"000205","building"
"000206","building"
"000207","building"
"000208","building"
"000209","building"
"000210","building"
"000211","building"
"000212","building"
"000213","building"
"000214","building"
"000215","building"
"000216","building"
"000217","building"
"000218","building"
"000219","building"
"000220","building"
"000221","building"
"000222","building"
"000223","building"
"000224","building"
"000225","building"
"000226","building"
"000227","building"
"000228","building"
"000229","building"
"000230","building"
"000231","building"
"000232","building"
"000233","building"
"000234","building"
"000235","building"
"000236","building"
"000237","building"
"000238","building"
"000239","building"
"000240","building"
"000241","building"
"000242","building"
"000243","building"
"000244","building"
"000245","building"
"000246","building"
"000247","building"
"000248","building"
"000249","building"
"000250","building"
"000251","building"
"000252","building"
"000253","building"
"000254","building"
"000255","building"
"000256","building"
"000257","building"
"000258","building"
"000259","building"
"000260","building"
"000261","building"
"000262","building"
"000263","building"
"000264","building"
"000265","building"
"000266","building"
"000267","building"
"000268","building"
"000269","building"
"000270","building"
"000271","building"
"000272","building"
"000273","building"
"000274","building"
"000275","building"
"000276","building"
"000277","building"
"000278","building"
"000279","building"
"000280","building"
"000281","building"
