doi	label	givenName	surname
http://dx.doi.org/10.1002/9781118663202.wberen606	Shaul Kelner	Shaul	Kelner
http://dx.doi.org/10.1002/prot.24813	Martin K. Safo	Martin K.	Safo
http://dx.doi.org/10.1002/prot.24813	Glen E. Kellogg	Glen E.	Kellogg
http://dx.doi.org/10.1002/prot.24813	J. Neel Scarsdale	J.	Neel Scarsdale
http://dx.doi.org/10.1002/prot.24813	Mostafa H. Ahmed	Mostafa H.	Ahmed
http://dx.doi.org/10.1002/prot.24813	Vishal N. Koparde	Vishal N.	Koparde
http://dx.doi.org/10.1007/7653_2015_58	Micaela Fornabaio	Micaela	Fornabaio
http://dx.doi.org/10.1007/7653_2015_58	Alessio Amadasi	Alessio	Amadasi
http://dx.doi.org/10.1007/7653_2015_58	Alexander S. Bayden	Alexander S.	Bayden
http://dx.doi.org/10.1007/7653_2015_58	Andrea Mozzarelli	Andrea	Mozzarelli
http://dx.doi.org/10.1007/7653_2015_58	Ashutosh Tripathi	Ashutosh	Tripathi
http://dx.doi.org/10.1007/7653_2015_58	Aurijit Sarkar	Aurijit	Sarkar
http://dx.doi.org/10.1007/7653_2015_58	Chenxiao Da	Chenxiao	Da
http://dx.doi.org/10.1007/7653_2015_58	Deliang L. Chen	Deliang L.	Chen
http://dx.doi.org/10.1007/7653_2015_58	Derek J. Cashman	Derek J.	Cashman
http://dx.doi.org/10.1007/7653_2015_58	Francesca Spyrakis	Francesca	Spyrakis
http://dx.doi.org/10.1007/7653_2015_58	Glen E. Kellogg	Glen E.	Kellogg
http://dx.doi.org/10.1007/7653_2015_58	Hardik I. Parikh	Hardik I.	Parikh
http://dx.doi.org/10.1007/7653_2015_58	J. Andrew Surface	J. Andrew	Surface
http://dx.doi.org/10.1007/7653_2015_58	J. Neel Scarsdale	J. Neel	Scarsdale
http://dx.doi.org/10.1007/7653_2015_58	Mostafa H. Ahmed	Mostafa H.	Ahmed
http://dx.doi.org/10.1007/7653_2015_58	Pietro Cozzini	Pietro	Cozzini
http://dx.doi.org/10.1007/7653_2015_58	Saheem A. Zaidi	Saheem A.	Zaidi
http://dx.doi.org/10.1007/7653_2015_58	Vishal N. Koparde	Vishal N.	Koparde
http://dx.doi.org/10.1007/978-3-319-14301-9	Karl-Henning Rehren	Karl-Henning	Rehren
http://dx.doi.org/10.1007/978-3-319-14301-9	Marcel Bischoff	Marcel	Bischoff
http://dx.doi.org/10.1007/978-3-319-14301-9	Roberto Longo	Roberto	Longo
http://dx.doi.org/10.1007/978-3-319-14301-9	Yasuyuki Kawahigashi	Yasuyuki	Kawahigashi
http://dx.doi.org/10.1007/bf02961574	Shaul Kelner	Shaul	Kelner
http://dx.doi.org/10.1007/s00023-014-0337-1	Marcel Bischoff	Marcel	Bischoff
http://dx.doi.org/10.1007/s00023-014-0337-1	Yoh Tanimoto	Yoh	Tanimoto
http://dx.doi.org/10.1007/s00023-015-0436-7	Marcel Bischoff	Marcel	Bischoff
http://dx.doi.org/10.1007/s00023-015-0436-7	Yoh Tanimoto	Yoh	Tanimoto
http://dx.doi.org/10.1007/s00220-012-1511-2	Marcel Bischoff	Marcel	Bischoff
http://dx.doi.org/10.1007/s00220-012-1593-x	Marcel Bischoff	Marcel	Bischoff
http://dx.doi.org/10.1007/s00220-012-1593-x	Yoh Tanimoto	Yoh	Tanimoto
http://dx.doi.org/10.1007/s00220-015-2560-0	Karl-Henning Rehren	Karl-Henning	Rehren
http://dx.doi.org/10.1007/s00220-015-2560-0	Marcel Bischoff	Marcel	Bischoff
http://dx.doi.org/10.1007/s00220-015-2560-0	Roberto Longo	Roberto	Longo
http://dx.doi.org/10.1007/s00220-015-2560-0	Yasuyuki Kawahigashi	Yasuyuki	Kawahigashi
http://dx.doi.org/10.1007/s00542-014-2287-4	Deyu Li	Deyu	Li
http://dx.doi.org/10.1007/s00542-014-2287-4	Qiu An	Qiu	An
http://dx.doi.org/10.1007/s00542-014-2287-4	Yandong Gao	Yandong	Gao
http://dx.doi.org/10.1007/s00542-014-2287-4	Yanyan Ge	Yanyan	Ge
http://dx.doi.org/10.1007/s00542-014-2287-4	Yunfei Chen	Yunfei	Chen
http://dx.doi.org/10.1007/s10544-017-0175-2	Jose Guillermo Sanchez Arriola	Jose Guillermo Sanchez	Arriola
http://dx.doi.org/10.1007/s10544-017-0175-2	Lijie Yang	Lijie	Yang
http://dx.doi.org/10.1007/s10544-017-0175-2	Brian L. Nelms	Brian L.	Nelms
http://dx.doi.org/10.1007/s10544-017-0175-2	Deyu Li	Deyu	Li
http://dx.doi.org/10.1007/s10544-017-0175-2	Richard Mu	Richard	Mu
http://dx.doi.org/10.1007/s10544-017-0175-2	Tao Hong	Tao	Hong
http://dx.doi.org/10.1007/s10544-017-0175-2	Yin Zhang	Yin	Zhang
http://dx.doi.org/10.1007/s10916-015-0232-4	Joseph R. Starnes	Joseph R.	Starnes
http://dx.doi.org/10.1007/s10916-015-0232-4	Jesse M. Ehrenfeld	Jesse M.	Ehrenfeld
http://dx.doi.org/10.1007/s10916-015-0232-4	Jonathan P. Wanderer	Jonathan P.	Wanderer
http://dx.doi.org/10.1007/s11005-016-0816-z	Marcel Bischoff	Marcel	Bischoff
http://dx.doi.org/10.1007/s12397-012-9080-4	Shaul Kelner	Shaul	Kelner
http://dx.doi.org/10.1007/s12397-012-9085-z	Shaul Kelner	Shaul	Kelner
http://dx.doi.org/10.1007/s12397-015-9139-0	Shaul Kelner	Shaul	Kelner
http://dx.doi.org/10.1016/j.ajic.2013.09.018	Marie Diener-West	Marie	Diener-West
http://dx.doi.org/10.1016/j.ajic.2013.09.018	Allison L. Agwu	Allison L.	Agwu
http://dx.doi.org/10.1016/j.ajic.2013.09.018	Christoph U. Lehmann	Christoph U.	Lehmann
http://dx.doi.org/10.1016/j.ajic.2013.09.018	Vidya Venugopal	Vidya	Venugopal
http://dx.doi.org/10.1016/j.ajog.2015.01.032	Kimberly K. Jefferson	Kimberly K.	Jefferson
http://dx.doi.org/10.1016/j.ajog.2015.01.032	Lindsey P. Pflugner	Lindsey P.	Pflugner
http://dx.doi.org/10.1016/j.ajog.2015.01.032	Matthew Josiah Allen-Daniels	Matthew Josiah	Allen-Daniels
http://dx.doi.org/10.1016/j.ajog.2015.01.032	Melissa A. Prestosa	Melissa A.	Prestosa
http://dx.doi.org/10.1016/j.ajog.2015.01.032	David A. Eschenbach	David A.	Eschenbach
http://dx.doi.org/10.1016/j.ajog.2015.01.032	Gregory A. Buck	Gregory A.	Buck
http://dx.doi.org/10.1016/j.ajog.2015.01.032	J. Paul Brooks	J. Paul	Brooks
http://dx.doi.org/10.1016/j.ajog.2015.01.032	Jennifer M. Fettweis	Jennifer M.	Fettweis
http://dx.doi.org/10.1016/j.ajog.2015.01.032	Jerome F. Strauss	Jerome F.	Strauss
http://dx.doi.org/10.1016/j.ajog.2015.01.032	Myrna G. Serrano	Myrna G.	Serrano
http://dx.doi.org/10.1016/j.ajog.2015.01.032	Roberto Romero	Roberto	Romero
http://dx.doi.org/10.1016/j.ajog.2015.01.032	Tinnakorn Chaiworapongsa	Tinnakorn	Chaiworapongsa
http://dx.doi.org/10.1016/j.ajog.2015.01.032	Vishal N. Koparde	Vishal N.	Koparde
http://dx.doi.org/10.1016/j.bbmt.2013.12.454	Juliana K. Sampson	Juliana K.	Sampson
http://dx.doi.org/10.1016/j.bbmt.2013.12.454	Masoud Manjili	Masoud	Manjili
http://dx.doi.org/10.1016/j.bbmt.2013.12.454	Maximilian Jameson-Lee	Maximilian	Jameson-Lee
http://dx.doi.org/10.1016/j.bbmt.2013.12.454	Michael C. Neale	Michael C.	Neale
http://dx.doi.org/10.1016/j.bbmt.2013.12.454	Allison F. Scalora	Allison F.	Scalora
http://dx.doi.org/10.1016/j.bbmt.2013.12.454	Amir Ahmed Toor	Amir Ahmed	Toor
http://dx.doi.org/10.1016/j.bbmt.2013.12.454	Catherine H. Roberts	Catherine H.	Roberts
http://dx.doi.org/10.1016/j.bbmt.2013.12.454	Gregory A. Buck	Gregory A.	Buck
http://dx.doi.org/10.1016/j.bbmt.2013.12.454	Haniya Khalid	Haniya	Khalid
http://dx.doi.org/10.1016/j.bbmt.2013.12.454	Myrna G. Serrano	Myrna G.	Serrano
http://dx.doi.org/10.1016/j.bbmt.2013.12.454	Nihar Sheth	Nihar	Sheth
http://dx.doi.org/10.1016/j.bbmt.2013.12.454	Phil Griffith	Phil	Griffith
http://dx.doi.org/10.1016/j.bbmt.2013.12.454	Vishal N. Koparde	Vishal N.	Koparde
http://dx.doi.org/10.1016/j.bbmt.2013.12.454	Vladimir Lee	Vladimir	Lee
http://dx.doi.org/10.1016/j.bbmt.2015.11.1103	Mark Voelkner	Mark	Voelkner
http://dx.doi.org/10.1016/j.bbmt.2015.11.1103	Masoud H. Manjili	Masoud H.	Manjili
http://dx.doi.org/10.1016/j.bbmt.2015.11.1103	Max Jameson-Lee	Max	Jameson-Lee
http://dx.doi.org/10.1016/j.bbmt.2015.11.1103	Michael C. Neale	Michael C.	Neale
http://dx.doi.org/10.1016/j.bbmt.2015.11.1103	Allison Scalora	Allison	Scalora
http://dx.doi.org/10.1016/j.bbmt.2015.11.1103	Amir A. Toor	Amir A.	Toor
http://dx.doi.org/10.1016/j.bbmt.2015.11.1103	Andrea Ferreira-Gonzalez	Andrea	Ferreira-Gonzalez
http://dx.doi.org/10.1016/j.bbmt.2015.11.1103	Badar Abdul Razzaq	Badar	Abdul Razzaq
http://dx.doi.org/10.1016/j.bbmt.2015.11.1103	Catherine H. Roberts	Catherine H.	Roberts
http://dx.doi.org/10.1016/j.bbmt.2015.11.1103	David J. Kobulnicky	David J.	Kobulnicky
http://dx.doi.org/10.1016/j.bbmt.2015.11.1103	Gregory A. Buck	Gregory A.	Buck
http://dx.doi.org/10.1016/j.bbmt.2015.11.1103	Jeremy Meier	Jeremy	Meier
http://dx.doi.org/10.1016/j.bbmt.2015.11.1103	Musa Mahmood	Musa	Mahmood
http://dx.doi.org/10.1016/j.bbmt.2015.11.1103	Myrna G. Serrano	Myrna G.	Serrano
http://dx.doi.org/10.1016/j.bbmt.2015.11.1103	Nihar Sheth	Nihar	Sheth
http://dx.doi.org/10.1016/j.bbmt.2015.11.1103	Salman Salman	Salman	Salman
http://dx.doi.org/10.1016/j.bbmt.2015.11.1103	Vishal N. Koparde	Vishal N.	Koparde
http://dx.doi.org/10.1016/j.bbrc.2014.03.060	Brandt F. Eichman	Brandt F.	Eichman
http://dx.doi.org/10.1016/j.bbrc.2014.03.060	Hosub Shin	Hosub	Shin
http://dx.doi.org/10.1016/j.bbrc.2014.03.060	Hosung Jang	Hosung	Jang
http://dx.doi.org/10.1016/j.bbrc.2014.03.060	Jin Hoe Huh	Jin Hoe	Huh
http://dx.doi.org/10.1016/j.carbon.2016.11.056	Jonghoon Lee	Jonghoon	Lee
http://dx.doi.org/10.1016/j.carbon.2016.11.056	Joshua S. Brown	Joshua S.	Brown
http://dx.doi.org/10.1016/j.carbon.2016.11.056	Ajit K. Roy	Ajit K.	Roy
http://dx.doi.org/10.1016/j.carbon.2016.11.056	Andrey A. Voevodin	Andrey A.	Voevodin
http://dx.doi.org/10.1016/j.carbon.2016.11.056	Barry L. Farmer	Barry L.	Farmer
http://dx.doi.org/10.1016/j.carbon.2016.11.056	Deyu Li	Deyu	Li
http://dx.doi.org/10.1016/j.carbon.2016.11.056	Vikas Varshney	Vikas	Varshney
http://dx.doi.org/10.1016/j.cbpa.2015.06.015	Juli�n F. Hillyer	Juli�n F.	Hillyer
http://dx.doi.org/10.1016/j.cbpa.2015.06.015	Homa E. Mirzai	Homa E.	Mirzai
http://dx.doi.org/10.1016/j.cbpa.2015.06.015	Tania Y. Est�vez-Lao	Tania Y.	Est�vez-Lao
http://dx.doi.org/10.1016/j.dci.2015.10.018	Juli�n F. Hillyer	Juli�n F.	Hillyer
http://dx.doi.org/10.1016/j.dci.2015.10.018	Leah T. Sigle	Leah T.	Sigle
http://dx.doi.org/10.1016/j.dci.2015.12.006	Juli�n F. Hillyer	Juli�n F.	Hillyer
http://dx.doi.org/10.1016/j.desal.2013.02.002	Zainura Zainon Noor	Zainura Zainon	Noor
http://dx.doi.org/10.1016/j.desal.2013.02.002	Adhi Yuniarto	Adhi	Yuniarto
http://dx.doi.org/10.1016/j.desal.2013.02.002	Azmi Aris	Azmi	Aris
http://dx.doi.org/10.1016/j.desal.2013.02.002	Gustaf Olsson	Gustaf	Olsson
http://dx.doi.org/10.1016/j.desal.2013.02.002	Tony Hadibarata	Tony	Hadibarata
http://dx.doi.org/10.1016/j.desal.2013.02.002	Zaini Ujang	Zaini	Ujang
http://dx.doi.org/10.1016/j.dnarep.2013.10.009	Brandt F. Eichman	Brandt F.	Eichman
http://dx.doi.org/10.1016/j.dnarep.2013.10.009	Elwood A. Mullins	Elwood A.	Mullins
http://dx.doi.org/10.1016/j.dnarep.2013.10.009	Emily H. Rubinson	Emily H.	Rubinson
http://dx.doi.org/10.1016/j.eist.2015.09.002	David J. Hess	David J.	Hess
http://dx.doi.org/10.1016/j.erss.2015.08.007	Kate Pride Brown	Kate Pride	Brown
http://dx.doi.org/10.1016/j.erss.2015.08.007	David J. Hess	David J.	Hess
http://dx.doi.org/10.1016/j.erss.2015.08.007	Quan D. Mai	Quan D.	Mai
http://dx.doi.org/10.1016/j.habitatint.2013.10.010	Zainura Zainon Noor	Zainura Zainon	Noor
http://dx.doi.org/10.1016/j.habitatint.2013.10.010	Irina Safitri Zen	Irina Safitri	Zen
http://dx.doi.org/10.1016/j.habitatint.2013.10.010	Rafiu Olasunkanmi Yusuf	Rafiu Olasunkanmi	Yusuf
http://dx.doi.org/10.1016/j.ijmedinf.2016.09.014	Liling Xu	Liling	Xu
http://dx.doi.org/10.1016/j.ijmedinf.2016.09.014	Gong Yang	Gong	Yang
http://dx.doi.org/10.1016/j.ijmedinf.2016.09.014	Mingrong You	Mingrong	You
http://dx.doi.org/10.1016/j.ijmedinf.2016.09.014	Tao Zheng	Tao	Zheng
http://dx.doi.org/10.1016/j.ijmedinf.2016.09.014	Wei Xie	Wei	Xie
http://dx.doi.org/10.1016/j.ijmedinf.2016.09.014	Xiaoying He	Xiaoying	He
http://dx.doi.org/10.1016/j.ijmedinf.2016.09.014	Ya Zhang	Ya	Zhang
http://dx.doi.org/10.1016/j.ijmedinf.2016.09.014	You Chen	You	Chen
http://dx.doi.org/10.1016/j.jimonfin.2014.08.003	Nam T. Vu	Nam T.	Vu
http://dx.doi.org/10.1016/j.jinsphys.2017.06.013	Juli�n F. Hillyer	Juli�n F.	Hillyer
http://dx.doi.org/10.1016/j.jinsphys.2017.06.013	Charlotte R. Doran	Charlotte R.	Doran
http://dx.doi.org/10.1016/j.jinsphys.2017.06.013	Tania Y. Est�vez-Lao	Tania Y.	Est�vez-Lao
http://dx.doi.org/10.1016/j.jmb.2013.11.007	Amit Aggarwal	Amit	Aggarwal
http://dx.doi.org/10.1016/j.jmb.2013.11.007	Brandt F. Eichman	Brandt F.	Eichman
http://dx.doi.org/10.1016/j.jmb.2013.11.007	Diana R. Arnett	Diana R.	Arnett
http://dx.doi.org/10.1016/j.jmb.2013.11.007	Ellen Fanning	Ellen	Fanning
http://dx.doi.org/10.1016/j.jmb.2013.11.007	Sivaraja Vaithiyalingam	Sivaraja	Vaithiyalingam
http://dx.doi.org/10.1016/j.jmb.2013.11.007	Walter J. Chazin	Walter J.	Chazin
http://dx.doi.org/10.1016/j.molcel.2015.05.013	Julien Bacal	Julien	Bacal
http://dx.doi.org/10.1016/j.molcel.2015.05.013	Karlene A. Cimprich	Karlene A.	Cimprich
http://dx.doi.org/10.1016/j.molcel.2015.05.013	Andrew C. Kile	Andrew C.	Kile
http://dx.doi.org/10.1016/j.molcel.2015.05.013	Brandt F. Eichman	Brandt F.	Eichman
http://dx.doi.org/10.1016/j.molcel.2015.05.013	Diana A. Chavez	Diana A.	Chavez
http://dx.doi.org/10.1016/j.molcel.2015.05.013	Dmitry M. Korzhnev	Dmitry M.	Korzhnev
http://dx.doi.org/10.1016/j.molcel.2015.05.013	Irina Bezsonova	Irina	Bezsonova
http://dx.doi.org/10.1016/j.molcel.2015.05.013	Sherif Eldirany	Sherif	Eldirany
http://dx.doi.org/10.1016/j.mrfmmm.2014.03.007	Manel Camps	Manel	Camps
http://dx.doi.org/10.1016/j.mrfmmm.2014.03.007	Marie Cueff	Marie	Cueff
http://dx.doi.org/10.1016/j.mrfmmm.2014.03.007	Brandt F. Eichman	Brandt F.	Eichman
http://dx.doi.org/10.1016/j.mrfmmm.2014.03.007	Christopher J. Troll	Christopher J.	Troll
http://dx.doi.org/10.1016/j.mrfmmm.2014.03.007	Ileena Mitra	Ileena	Mitra
http://dx.doi.org/10.1016/j.mrfmmm.2014.03.007	Suraj Adhikary	Suraj	Adhikary
http://dx.doi.org/10.1016/j.resconrec.2013.01.003	Ahmad Halilu Abba	Ahmad Halilu	Abba
http://dx.doi.org/10.1016/j.resconrec.2013.01.003	Mohd Ariffin Abu Hassan	Mohd Ariffin Abu	Hassan
http://dx.doi.org/10.1016/j.resconrec.2013.01.003	Mohd Fadhil M.D. Din	Mohd Fadhil M.D.	Din
http://dx.doi.org/10.1016/j.resconrec.2013.01.003	Rafiu O. Yusuf	Rafiu O.	Yusuf
http://dx.doi.org/10.1016/j.resconrec.2013.01.003	Zainura Zainon Noor	Zainura Zainon	Noor
http://dx.doi.org/10.1016/j.rser.2012.11.050	Zainura Zainon Noor	Zainura Zainon	Noor
http://dx.doi.org/10.1016/j.rser.2012.11.050	Ahmad Halilu Abba	Ahmad Halilu	Abba
http://dx.doi.org/10.1016/j.rser.2012.11.050	Mohd Ariffin Abu Hassan	Mohd Ariffin	Abu Hassan
http://dx.doi.org/10.1016/j.rser.2012.11.050	Mohd Fadhil Mohd Din	Mohd Fadhil	Mohd Din
http://dx.doi.org/10.1016/j.rser.2012.11.050	Rafiu Olasunkanmi Yusuf	Rafiu Olasunkanmi	Yusuf
http://dx.doi.org/10.1016/j.yexcr.2016.12.002	L�ol�ne Jean Carrington	L�ol�ne Jean	Carrington
http://dx.doi.org/10.1016/j.yexcr.2016.12.002	Lijie Yang	Lijie	Yang
http://dx.doi.org/10.1016/j.yexcr.2016.12.002	Begum Erdogan	Begum	Erdogan
http://dx.doi.org/10.1016/j.yexcr.2016.12.002	Bryson M. Brewer	Bryson M.	Brewer
http://dx.doi.org/10.1016/j.yexcr.2016.12.002	Deyu Li	Deyu	Li
http://dx.doi.org/10.1016/j.yexcr.2016.12.002	Donna J. Webb	Donna J.	Webb
http://dx.doi.org/10.1016/j.yexcr.2016.12.002	Mingfang Ao	Mingfang	Ao
http://dx.doi.org/10.1016/j.ymeth.2013.07.020	Kevin N. Pereira	Kevin N.	Pereira
http://dx.doi.org/10.1016/j.ymeth.2013.07.020	M. Wade Calcutt	M. Wade	Calcutt
http://dx.doi.org/10.1016/j.ymeth.2013.07.020	Brandt F. Eichman	Brandt F.	Eichman
http://dx.doi.org/10.1016/j.ymeth.2013.07.020	Elwood A. Mullins	Elwood A.	Mullins
http://dx.doi.org/10.1016/j.ymeth.2013.07.020	Emily H. Rubinson	Emily H.	Rubinson
http://dx.doi.org/10.1016/j.ymeth.2013.07.020	Plamen P. Christov	Plamen P.	Christov
http://dx.doi.org/10.1021/bi5002294	Brandt F. Eichman	Brandt F.	Eichman
http://dx.doi.org/10.1021/bi5002294	Jin Hoe Huh	Jin Hoe	Huh
http://dx.doi.org/10.1021/bi5002294	Robert L. Fischer	Robert L.	Fischer
http://dx.doi.org/10.1021/bi5002294	Sonja C. Brooks	Sonja C.	Brooks
http://dx.doi.org/10.1021/bi500252w	Aaron C. Mason	Aaron C.	Mason
http://dx.doi.org/10.1021/bi500252w	Brandt F. Eichman	Brandt F.	Eichman
http://dx.doi.org/10.1021/bi500252w	Michael D. Feldkamp	Michael D.	Feldkamp
http://dx.doi.org/10.1021/bi500252w	Walter J. Chazin	Walter J.	Chazin
http://dx.doi.org/10.1021/bi501534x	Markus Voehler	Markus	Voehler
http://dx.doi.org/10.1021/bi501534x	Marta W. Szulik	Marta W.	Szulik
http://dx.doi.org/10.1021/bi501534x	Martin Egli	Martin	Egli
http://dx.doi.org/10.1021/bi501534x	Andrzej Joachimiak	Andrzej	Joachimiak
http://dx.doi.org/10.1021/bi501534x	Boguslaw Nocek	Boguslaw	Nocek
http://dx.doi.org/10.1021/bi501534x	Brandt F. Eichman	Brandt F.	Eichman
http://dx.doi.org/10.1021/bi501534x	Michael P. Stone	Michael P.	Stone
http://dx.doi.org/10.1021/bi501534x	Pradeep S. Pallan	Pradeep S.	Pallan
http://dx.doi.org/10.1021/bi501534x	Sonja Brooks	Sonja	Brooks
http://dx.doi.org/10.1021/bi501534x	Surajit Banerjee	Surajit	Banerjee
http://dx.doi.org/10.1038/jp.2014.50	C U Lehmann	C U	Lehmann
http://dx.doi.org/10.1038/nature15728	Brandt F. Eichman	Brandt F.	Eichman
http://dx.doi.org/10.1038/nature15728	Elwood A. Mullins	Elwood A.	Mullins
http://dx.doi.org/10.1038/nature15728	Philip K. Yuen	Philip K.	Yuen
http://dx.doi.org/10.1038/nature15728	Rongxin Shi	Rongxin	Shi
http://dx.doi.org/10.1038/nature15728	Sheila S. David	Sheila S.	David
http://dx.doi.org/10.1038/nature15728	Yasuhiro Igarashi	Yasuhiro	Igarashi
http://dx.doi.org/10.1038/nature15728	Zachary D. Parsons	Zachary D.	Parsons
http://dx.doi.org/10.1038/nchembio.2439	Brandt F Eichman	Brandt F	Eichman
http://dx.doi.org/10.1038/nchembio.2439	Elwood A Mullins	Elwood A	Mullins
http://dx.doi.org/10.1038/nchembio.2439	Rongxin Shi	Rongxin	Shi
http://dx.doi.org/10.1038/ncomms6914	Jose A Cancelas	Jose A	Cancelas
http://dx.doi.org/10.1038/ncomms6914	Joseph Starnes	Joseph	Starnes
http://dx.doi.org/10.1038/ncomms6914	Katie Y Bezold	Katie Y	Bezold
http://dx.doi.org/10.1038/ncomms6914	Kyung Hee Chang	Kyung Hee	Chang
http://dx.doi.org/10.1038/ncomms6914	Megan Pirman	Megan	Pirman
http://dx.doi.org/10.1038/ncomms6914	Ajay Perumbeti	Ajay	Perumbeti
http://dx.doi.org/10.1038/ncomms6914	Anastacia Loberg	Anastacia	Loberg
http://dx.doi.org/10.1038/ncomms6914	Ashley M Wellendorf	Ashley M	Wellendorf
http://dx.doi.org/10.1038/ncomms6914	Punam Malik	Punam	Malik
http://dx.doi.org/10.1038/ncomms6914	Ramesh C Nayak	Ramesh C	Nayak
http://dx.doi.org/10.1038/ncomms6914	Sarah E Hill	Sarah E	Hill
http://dx.doi.org/10.1038/ncomms6914	Swarnava Roy	Swarnava	Roy
http://dx.doi.org/10.1038/ncomms6914	Tadashi Inagami	Tadashi	Inagami
http://dx.doi.org/10.1038/ncomms6914	Xuan Zhou	Xuan	Zhou
http://dx.doi.org/10.1038/ncomms6914	Yi Zheng	Yi	Zheng
http://dx.doi.org/10.1038/srep08124	Joshua A. Broussard	Joshua A.	Broussard
http://dx.doi.org/10.1038/srep08124	Donna J. Webb	Donna J.	Webb
http://dx.doi.org/10.1038/srep08124	Nicole L. Diggins	Nicole L.	Diggins
http://dx.doi.org/10.1038/srep08124	Stephen Hummel	Stephen	Hummel
http://dx.doi.org/10.1038/srep08124	Vito Quaranta	Vito	Quaranta
http://dx.doi.org/10.1038/srep08124	Walter Georgescu	Walter	Georgescu
http://dx.doi.org/10.1039/c6nr06302k	Juekuan Yang	Juekuan	Yang
http://dx.doi.org/10.1039/c6nr06302k	Lin Yang	Lin	Yang
http://dx.doi.org/10.1039/c6nr06302k	Matthew Gerboth	Matthew	Gerboth
http://dx.doi.org/10.1039/c6nr06302k	Zhe Guan	Zhe	Guan
http://dx.doi.org/10.1039/c6nr06302k	D. Greg Walker	D.	Greg Walker
http://dx.doi.org/10.1039/c6nr06302k	Deyu Li	Deyu	Li
http://dx.doi.org/10.1039/c6nr06302k	Qian Zhang	Qian	Zhang
http://dx.doi.org/10.1039/c6nr06302k	Terry T. Xu	Terry T.	Xu
http://dx.doi.org/10.1039/c6nr06302k	Yang Yang	Yang	Yang
http://dx.doi.org/10.1039/c6nr06302k	Yin Zhang	Yin	Zhang
http://dx.doi.org/10.1039/c6nr06302k	Youfei Jiang	Youfei	Jiang
http://dx.doi.org/10.1039/c6nr06302k	Yunfei Chen	Yunfei	Chen
http://dx.doi.org/10.1039/c6nr07290a	Kirsten H. Dodson	Kirsten H.	Dodson
http://dx.doi.org/10.1039/c6nr07290a	Deyu Li	Deyu	Li
http://dx.doi.org/10.1039/c6nr07290a	Rachel Fischer	Rachel	Fischer
http://dx.doi.org/10.1039/c6nr07290a	Rebecca M. Sappington	Rebecca M.	Sappington
http://dx.doi.org/10.1039/c6nr07290a	Rui Wang	Rui	Wang
http://dx.doi.org/10.1039/c6nr07290a	Ya-Qiong Xu	Ya-Qiong	Xu
http://dx.doi.org/10.1039/c6nr07290a	Yuchen Zhang	Yuchen	Zhang
http://dx.doi.org/10.1042/bst20160191	Donna J. Webb	Donna J.	Webb
http://dx.doi.org/10.1042/bst20160191	Nicole L. Diggins	Nicole L.	Diggins
http://dx.doi.org/10.1063/1.4906348	Juekuan Yang	Juekuan	Yang
http://dx.doi.org/10.1063/1.4906348	Deyu Li	Deyu	Li
http://dx.doi.org/10.1063/1.4906348	Dongyan Xu	Dongyan	Xu
http://dx.doi.org/10.1063/1.4906348	Qiang Fu	Qiang	Fu
http://dx.doi.org/10.1063/1.4906348	Yunfei Chen	Yunfei	Chen
http://dx.doi.org/10.1080/14725886.2013.824671	Shaul Kelner	Shaul	Kelner
http://dx.doi.org/10.1080/1523908X.2017.1341304	Kate Pride Brown	Kate Pride	Brown
http://dx.doi.org/10.1080/1523908X.2017.1341304	David J. Hess	David J.	Hess
http://dx.doi.org/10.1080/15567265.2015.1035199	Alan J. H. McGaughey	Alan J. H.	McGaughey
http://dx.doi.org/10.1080/15567265.2015.1035199	Deyu Li	Deyu	Li
http://dx.doi.org/10.1080/15595692.2013.763788	Shaul Kelner	Shaul	Kelner
http://dx.doi.org/10.1080/19443994.2012.751155	Bamidele Ogbe Solomon	Bamidele Ogbe	Solomon
http://dx.doi.org/10.1080/19443994.2012.751155	Mohd Ariffin Abu Hassan	Mohd Ariffin Abu	Hassan
http://dx.doi.org/10.1080/19443994.2012.751155	Rafiu Olasunkanmi Yusuf	Rafiu Olasunkanmi	Yusuf
http://dx.doi.org/10.1080/19443994.2012.751155	Samuel Enahoro Agarry	Samuel Enahoro	Agarry
http://dx.doi.org/10.1080/19443994.2012.751155	Zainura Zainon Noor	Zainura Zainon	Noor
http://dx.doi.org/10.1093/bioinformatics/btu561	Joshua C. Denny	Joshua C.	Denny
http://dx.doi.org/10.1093/bioinformatics/btu561	Bradley A. Malin	Bradley A.	Malin
http://dx.doi.org/10.1093/bioinformatics/btu561	Dana Crawford	Dana	Crawford
http://dx.doi.org/10.1093/bioinformatics/btu561	Murat Kantarcioglu	Murat	Kantarcioglu
http://dx.doi.org/10.1093/bioinformatics/btu561	Raymond Heatherly	Raymond	Heatherly
http://dx.doi.org/10.1093/bioinformatics/btu561	Wei Xie	Wei	Xie
http://dx.doi.org/10.1093/bioinformatics/btu561	William S. Bush	William S.	Bush
http://dx.doi.org/10.1093/obo/9780199840731-0073	Shaul Kelner	Shaul	Kelner
http://dx.doi.org/10.1093/sf/sov063	Shaul Kelner	Shaul	Kelner
http://dx.doi.org/10.1093/socrel/67.4.507	B. T. Phillips	B. T.	Phillips
http://dx.doi.org/10.1093/socrel/67.4.507	S. Kelner	S.	Kelner
http://dx.doi.org/10.1097/ACM.0000000000000117	Andrea M. Jonas	Andrea M.	Jonas
http://dx.doi.org/10.1097/ACM.0000000000000117	Christoph U. Lehmann	Christoph U.	Lehmann
http://dx.doi.org/10.1097/ACM.0000000000000117	Hansen C. Bow	Hansen C.	Bow
http://dx.doi.org/10.1097/ACM.0000000000000117	Jonathan R. Dattilo	Jonathan R.	Dattilo
http://dx.doi.org/10.1097/PTS.0000000000000086	Kenneth M. Shermock	Kenneth M.	Shermock
http://dx.doi.org/10.1097/PTS.0000000000000086	Leigh E. Efird	Leigh E.	Efird
http://dx.doi.org/10.1097/PTS.0000000000000086	Michael B. Streiff	Michael B.	Streiff
http://dx.doi.org/10.1097/PTS.0000000000000086	Christoph U. Lehmann	Christoph U.	Lehmann
http://dx.doi.org/10.1097/PTS.0000000000000086	Cynthia S. Rand	Cynthia S.	Rand
http://dx.doi.org/10.1097/PTS.0000000000000086	Deborah B. Hobson	Deborah B.	Hobson
http://dx.doi.org/10.1097/PTS.0000000000000086	Elliott R. Haut	Elliott R.	Haut
http://dx.doi.org/10.1097/PTS.0000000000000086	Peggy S. Kraus	Peggy S.	Kraus
http://dx.doi.org/10.1097/PTS.0000000000000086	Stacy Elder	Stacy	Elder
http://dx.doi.org/10.1099/mic.0.000238	Kimberly K. Jefferson	Kimberly K.	Jefferson
http://dx.doi.org/10.1099/mic.0.000238	Abdallah A. Abdelmaksoud	Abdallah A.	Abdelmaksoud
http://dx.doi.org/10.1099/mic.0.000238	Abigail L. Glascock	Abigail L.	Glascock
http://dx.doi.org/10.1099/mic.0.000238	Gregory A. Buck	Gregory A.	Buck
http://dx.doi.org/10.1099/mic.0.000238	Jennifer M. Fettweis	Jennifer M.	Fettweis
http://dx.doi.org/10.1099/mic.0.000238	Jerome F. Strauss	Jerome F.	Strauss
http://dx.doi.org/10.1099/mic.0.000238	Myrna G. Serrano	Myrna G.	Serrano
http://dx.doi.org/10.1099/mic.0.000238	Nihar U. Sheth	Nihar U.	Sheth
http://dx.doi.org/10.1099/mic.0.000238	Vishal N. Koparde	Vishal N.	Koparde
http://dx.doi.org/10.1101/024828	Mark Voelkner	Mark	Voelkner
http://dx.doi.org/10.1101/024828	Masoud Manjili	Masoud	Manjili
http://dx.doi.org/10.1101/024828	Max Jameson-Lee	Max	Jameson-Lee
http://dx.doi.org/10.1101/024828	Allison Scalora	Allison	Scalora
http://dx.doi.org/10.1101/024828	Amir Toor	Amir	Toor
http://dx.doi.org/10.1101/024828	Andrea Ferreira-Gonzalez	Andrea	Ferreira-Gonzalez
http://dx.doi.org/10.1101/024828	Badar Abdul Razzaq	Badar	Abdul Razzaq
http://dx.doi.org/10.1101/024828	Catherine Roberts	Catherine	Roberts
http://dx.doi.org/10.1101/024828	David Kobulnicky	David	Kobulnicky
http://dx.doi.org/10.1101/024828	Gregory Buck	Gregory	Buck
http://dx.doi.org/10.1101/024828	Jeremy Meier	Jeremy	Meier
http://dx.doi.org/10.1101/024828	Michael Neale	Michael	Neale
http://dx.doi.org/10.1101/024828	Musa Mahmood	Musa	Mahmood
http://dx.doi.org/10.1101/024828	Myrna Serrano	Myrna	Serrano
http://dx.doi.org/10.1101/024828	Nihar Sheth	Nihar	Sheth
http://dx.doi.org/10.1101/024828	Salman Salman	Salman	Salman
http://dx.doi.org/10.1101/024828	Vishal Koparde	Vishal	Koparde
http://dx.doi.org/10.1103/PhysRevB.92.134113	Juekuan Yang	Juekuan	Yang
http://dx.doi.org/10.1103/PhysRevB.92.134113	Kedong Bi	Kedong	Bi
http://dx.doi.org/10.1103/PhysRevB.92.134113	Zhiyong Wei	Zhiyong	Wei
http://dx.doi.org/10.1103/PhysRevB.92.134113	Chenhan Liu	Chenhan	Liu
http://dx.doi.org/10.1103/PhysRevB.92.134113	Deyu Li	Deyu	Li
http://dx.doi.org/10.1103/PhysRevB.92.134113	Dongyan Xu	Dongyan	Xu
http://dx.doi.org/10.1103/PhysRevB.92.134113	Weiyu Chen	Weiyu	Chen
http://dx.doi.org/10.1103/PhysRevB.92.134113	Yunfei Chen	Yunfei	Chen
http://dx.doi.org/10.1103/PhysRevE.92.022719	Lei Liu	Lei	Liu
http://dx.doi.org/10.1103/PhysRevE.92.022719	Litao Sun	Litao	Sun
http://dx.doi.org/10.1103/PhysRevE.92.022719	Zhishan Yuan	Zhishan	Yuan
http://dx.doi.org/10.1103/PhysRevE.92.022719	Zhonghua Ni	Zhonghua	Ni
http://dx.doi.org/10.1103/PhysRevE.92.022719	Deyu Li	Deyu	Li
http://dx.doi.org/10.1103/PhysRevE.92.022719	Hong Yi	Hong	Yi
http://dx.doi.org/10.1103/PhysRevE.92.022719	Jian Ma	Jian	Ma
http://dx.doi.org/10.1103/PhysRevE.92.022719	Jingjie Sha	Jingjie	Sha
http://dx.doi.org/10.1103/PhysRevE.92.022719	Yin Zhang	Yin	Zhang
http://dx.doi.org/10.1103/PhysRevE.92.022719	Yinghua Qiu	Yinghua	Qiu
http://dx.doi.org/10.1103/PhysRevE.92.022719	Yunfei Chen	Yunfei	Chen
http://dx.doi.org/10.1111/1752-1688.12506	Christopher A. Wold	Christopher A.	Wold
http://dx.doi.org/10.1111/1752-1688.12506	David J. Hess	David J.	Hess
http://dx.doi.org/10.1111/1752-1688.12506	George M. Hornberger	George M.	Hornberger
http://dx.doi.org/10.1111/1752-1688.12506	Scott C. Worland	Scott C.	Worland
http://dx.doi.org/10.1111/trf.12718	Ayse P. Gurses	Ayse P.	Gurses
http://dx.doi.org/10.1111/trf.12718	Christoph U. Lehmann	Christoph U.	Lehmann
http://dx.doi.org/10.1111/trf.12718	Dale M. Needham	Dale M.	Needham
http://dx.doi.org/10.1111/trf.12718	David J. Murphy	David J.	Murphy
http://dx.doi.org/10.1111/trf.12718	Glenn J.R. Whitman	Glenn J.R.	Whitman
http://dx.doi.org/10.1111/trf.12718	Peter J. Pronovost	Peter J.	Pronovost
http://dx.doi.org/10.1111/trf.12718	Sean M. Berenholtz	Sean M.	Berenholtz
http://dx.doi.org/10.1128/jvi.00332-14	K. L. Boyd	K. L.	Boyd
http://dx.doi.org/10.1128/jvi.00332-14	M. Johnson	M.	Johnson
http://dx.doi.org/10.1128/jvi.00332-14	A. K. Hastings	A. K.	Hastings
http://dx.doi.org/10.1128/jvi.00332-14	J. C. Becker	J. C.	Becker
http://dx.doi.org/10.1128/jvi.00332-14	J. J. Erickson	J. J.	Erickson
http://dx.doi.org/10.1128/jvi.00332-14	J. V. Williams	J. V.	Williams
http://dx.doi.org/10.1128/jvi.00332-14	R. E. Craven	R. E.	Craven
http://dx.doi.org/10.1128/jvi.00332-14	R. G. Cox	R. G.	Cox
http://dx.doi.org/10.1128/jvi.00332-14	S. J. Tollefson	S. J.	Tollefson
http://dx.doi.org/10.1172/jci62860	Joyce E. Johnson	Joyce E.	Johnson
http://dx.doi.org/10.1172/jci62860	Kelli L. Boyd	Kelli L.	Boyd
http://dx.doi.org/10.1172/jci62860	Melissa B. Downing	Melissa B.	Downing
http://dx.doi.org/10.1172/jci62860	Andrew K. Hastings	Andrew K.	Hastings
http://dx.doi.org/10.1172/jci62860	Annette S. Kim	Annette S.	Kim
http://dx.doi.org/10.1172/jci62860	John J. Erickson	John J.	Erickson
http://dx.doi.org/10.1172/jci62860	John V. Williams	John V.	Williams
http://dx.doi.org/10.1172/jci62860	Monika Johnson	Monika	Johnson
http://dx.doi.org/10.1172/jci62860	Pavlo Gilchuk	Pavlo	Gilchuk
http://dx.doi.org/10.1172/jci62860	Sebastian Joyce	Sebastian	Joyce
http://dx.doi.org/10.1172/jci62860	Sharon J. Tollefson	Sharon J.	Tollefson
http://dx.doi.org/10.1177/0092055x0903700202	George Sanders	George	Sanders
http://dx.doi.org/10.1177/0092055x0903700202	Shaul Kelner	Shaul	Kelner
http://dx.doi.org/10.1177/009430610803700149	Shaul Kelner	Shaul	Kelner
http://dx.doi.org/10.1177/1536504211418463	Shaul Kelner	Shaul	Kelner
http://dx.doi.org/10.1186/s12915-016-0305-y	Juli�n F. Hillyer	Juli�n F.	Hillyer
http://dx.doi.org/10.1186/s12915-016-0305-y	Garrett P. League	Garrett P.	League
http://dx.doi.org/10.1186/s13071-017-2302-6	Juli�n F. Hillyer	Juli�n F.	Hillyer
http://dx.doi.org/10.1186/s13071-017-2302-6	Garrett P. League	Garrett P.	League
http://dx.doi.org/10.1186/s13071-017-2302-6	Tania Y. Est�vez-Lao	Tania Y.	Est�vez-Lao
http://dx.doi.org/10.1186/s13071-017-2302-6	Valeria A. Garcia-Lopez	Valeria A.	Garcia-Lopez
http://dx.doi.org/10.1186/s13071-017-2302-6	Yan Yan	Yan	Yan
http://dx.doi.org/10.1242/jcs.131060	Joshua A. Broussard	Joshua A.	Broussard
http://dx.doi.org/10.1242/jcs.131060	L�ol�ne Jean	L�ol�ne	Jean
http://dx.doi.org/10.1242/jcs.131060	Louis E. Hinkle	Louis E.	Hinkle
http://dx.doi.org/10.1242/jcs.131060	David P. Choma	David P.	Choma
http://dx.doi.org/10.1242/jcs.131060	Devi Majumdar	Devi	Majumdar
http://dx.doi.org/10.1242/jcs.131060	Donna J. Webb	Donna J.	Webb
http://dx.doi.org/10.1242/jcs.131060	J. Corey Evans	J. Corey	Evans
http://dx.doi.org/10.1242/jcs.131060	Mingfang Ao	Mingfang	Ao
http://dx.doi.org/10.1242/jcs.131060	Mingjian Shi	Mingjian	Shi
http://dx.doi.org/10.1242/jcs.131060	Nicole L. Diggins	Nicole L.	Diggins
http://dx.doi.org/10.1242/jeb.141655	Julia M. Suggs	Julia M.	Suggs
http://dx.doi.org/10.1242/jeb.141655	Juli�n F. Hillyer	Juli�n F.	Hillyer
http://dx.doi.org/10.1242/jeb.141655	Steven C. Murphree	Steven C.	Murphree
http://dx.doi.org/10.1242/jeb.141655	Talitha H. Jones	Talitha H.	Jones
http://dx.doi.org/10.1242/jeb.148254	Juli�n F. Hillyer	Juli�n F.	Hillyer
http://dx.doi.org/10.1242/jeb.148254	Ravi Theja V. Chintapalli	Ravi Theja V.	Chintapalli
http://dx.doi.org/10.1353/ajh.2014.0012	Shaul Kelner	Shaul	Kelner
http://dx.doi.org/10.1371/journal.pone.0127733	Lyle A. Kotsch	Lyle A.	Kotsch
http://dx.doi.org/10.1371/journal.pone.0127733	Brandt F. Eichman	Brandt F.	Eichman
http://dx.doi.org/10.1371/journal.pone.0127733	Elwood A. Mullins	Elwood A.	Mullins
http://dx.doi.org/10.1371/journal.pone.0127733	Michael R Volkert	Michael R	Volkert
http://dx.doi.org/10.1371/journal.pone.0127733	Rongxin Shi	Rongxin	Shi
http://dx.doi.org/10.1371/journal.pone.0156479	Kay Hamacher	Kay	Hamacher
http://dx.doi.org/10.1371/journal.pone.0156479	Hongzhe Liu	Hongzhe	Liu
http://dx.doi.org/10.1371/journal.pone.0156479	Peng Yang	Peng	Yang
http://dx.doi.org/10.1371/journal.pone.0156479	Wei Xie	Wei	Xie
http://dx.doi.org/10.1371/journal.pone.0156479	Wenfa Li	Wenfa	Li
http://dx.doi.org/10.1504/ijcbdd.2014.061652	Mark A. Reimers	Mark A.	Reimers
http://dx.doi.org/10.1504/ijcbdd.2014.061652	Gregory A. Buck	Gregory A.	Buck
http://dx.doi.org/10.1504/ijcbdd.2014.061652	Jennifer M. Fettweis	Jennifer M.	Fettweis
http://dx.doi.org/10.1504/ijcbdd.2014.061652	Myrna G. Serrano	Myrna G.	Serrano
http://dx.doi.org/10.1504/ijcbdd.2014.061652	Nihar U. Sheth	Nihar U.	Sheth
http://dx.doi.org/10.1504/ijcbdd.2014.061652	Ricky S. Adkins	Ricky S.	Adkins
http://dx.doi.org/10.1504/ijcbdd.2014.061652	Vishal N. Koparde	Vishal N.	Koparde
http://dx.doi.org/10.15265/IY-2014-0030	M.-C. Jaulent	M.-C.	Jaulent
http://dx.doi.org/10.15265/IY-2014-0030	B. S�roussi	B.	S�roussi
http://dx.doi.org/10.15265/IY-2014-0030	C. U. Lehmann	C. U.	Lehmann
http://dx.doi.org/10.1532/hsf.1566	Joseph R. Starnes	Joseph R.	Starnes
http://dx.doi.org/10.1532/hsf.1566	Justine S. Kim	Justine S.	Kim
http://dx.doi.org/10.1532/hsf.1566	Justiss A. Kallos	Justiss A.	Kallos
http://dx.doi.org/10.1532/hsf.1566	Kelly L. Garcia	Kelly L.	Garcia
http://dx.doi.org/10.1532/hsf.1566	Kyle M. Hocking	Kyle M.	Hocking
http://dx.doi.org/10.1532/hsf.1566	Colleen M. Brophy	Colleen M.	Brophy
http://dx.doi.org/10.1532/hsf.1566	David P. Stonko	David P.	Stonko
http://dx.doi.org/10.1532/hsf.1566	Eric Stephen Wise	Eric Stephen	Wise
http://dx.doi.org/10.1532/hsf.1566	Jacob W. Fleming	Jacob W.	Fleming
http://dx.doi.org/10.1532/hsf.1566	Jennifer J. Huang	Jennifer J.	Huang
http://dx.doi.org/10.1532/hsf.1566	Susan S. Eagle	Susan S.	Eagle
http://dx.doi.org/10.1532/hsf.1566	Zachary A. Glaser	Zachary A.	Glaser
http://dx.doi.org/10.1628/094457016x14805817132338	Shaul Kelner	Shaul	Kelner
http://dx.doi.org/10.1645/16-110	Juli�n F. Hillyer	Juli�n F.	Hillyer
http://dx.doi.org/10.17351/ests2015.010	David Hess	David	Hess
http://dx.doi.org/10.17351/ests2016.35	Anna Lamprou	Anna	Lamprou
http://dx.doi.org/10.17351/ests2016.35	David J. Hess	David J.	Hess
http://dx.doi.org/10.18574/nyu/9780814748169.001.0001	Shaul Kelner	Shaul	Kelner
http://dx.doi.org/10.2196/medinform.4457	Ayse Akincigil	Ayse	Akincigil
http://dx.doi.org/10.2196/medinform.4457	Brian J McCourt	Brian J	McCourt
http://dx.doi.org/10.2196/medinform.4457	Bruce L Lambert	Bruce L	Lambert
http://dx.doi.org/10.2196/medinform.4457	Carole Lannon	Carole	Lannon
http://dx.doi.org/10.2196/medinform.4457	Christoph U Lehmann	Christoph U	Lehmann
http://dx.doi.org/10.2196/medinform.4457	David W Bates	David W	Bates
http://dx.doi.org/10.2196/medinform.4457	Eta S Berner	Eta S	Berner
http://dx.doi.org/10.2196/medinform.4457	Gordon D Schiff	Gordon D	Schiff
http://dx.doi.org/10.2196/medinform.4457	Michael McNamara	Michael	McNamara
http://dx.doi.org/10.2196/medinform.4457	Nir Menachemi	Nir	Menachemi
http://dx.doi.org/10.2196/medinform.4457	S Andrew Spooner	S Andrew	Spooner
http://dx.doi.org/10.2196/medinform.4457	Sarah Patricia Slight	Sarah Patricia	Slight
http://dx.doi.org/10.2196/medinform.4457	Stanley Huff	Stanley	Huff
http://dx.doi.org/10.2196/medinform.4457	Stephen Crystal	Stephen	Crystal
http://dx.doi.org/10.2196/medinform.4457	Stephen P Fortmann	Stephen P	Fortmann
http://dx.doi.org/10.2196/medinform.4457	Thomas H Payne	Thomas H	Payne
http://dx.doi.org/10.2196/medinform.4457	Tracy Y Wang	Tracy Y	Wang
http://dx.doi.org/10.2196/medinform.4457	William Galanter	William	Galanter
http://dx.doi.org/10.2196/medinform.5160	Meredith L Vandermeer	Meredith L	Vandermeer
http://dx.doi.org/10.2196/medinform.5160	Ayse Akincigil	Ayse	Akincigil
http://dx.doi.org/10.2196/medinform.5160	Brian J McCourt	Brian J	McCourt
http://dx.doi.org/10.2196/medinform.5160	Bruce L Lambert	Bruce L	Lambert
http://dx.doi.org/10.2196/medinform.5160	Carole Lannon	Carole	Lannon
http://dx.doi.org/10.2196/medinform.5160	Christoph U Lehmann	Christoph U	Lehmann
http://dx.doi.org/10.2196/medinform.5160	David W Bates	David W	Bates
http://dx.doi.org/10.2196/medinform.5160	Eta S Berner	Eta S	Berner
http://dx.doi.org/10.2196/medinform.5160	Gordon D Schiff	Gordon D	Schiff
http://dx.doi.org/10.2196/medinform.5160	Michael McNamara	Michael	McNamara
http://dx.doi.org/10.2196/medinform.5160	Nir Menachemi	Nir	Menachemi
http://dx.doi.org/10.2196/medinform.5160	S Andrew Spooner	S Andrew	Spooner
http://dx.doi.org/10.2196/medinform.5160	Sarah Patricia Slight	Sarah Patricia	Slight
http://dx.doi.org/10.2196/medinform.5160	Stanley Huff	Stanley	Huff
http://dx.doi.org/10.2196/medinform.5160	Stephen Crystal	Stephen	Crystal
http://dx.doi.org/10.2196/medinform.5160	Stephen P Fortmann	Stephen P	Fortmann
http://dx.doi.org/10.2196/medinform.5160	Thomas H Payne	Thomas H	Payne
http://dx.doi.org/10.2196/medinform.5160	Tracy Y Wang	Tracy Y	Wang
http://dx.doi.org/10.2196/medinform.5160	William Galanter	William	Galanter
http://dx.doi.org/10.2979/isr.2008.13.2.146	Shaul Kelner	Shaul	Kelner
http://dx.doi.org/10.2979/isr.2008.13.2.146	Ted Sasson	Ted	Sasson
http://dx.doi.org/10.3389/fimmu.2014.00529	Juliana K. Sampson	Juliana K.	Sampson
http://dx.doi.org/10.3389/fimmu.2014.00529	Masoud H. Manjili	Masoud H.	Manjili
http://dx.doi.org/10.3389/fimmu.2014.00529	Max Jameson-Lee	Max	Jameson-Lee
http://dx.doi.org/10.3389/fimmu.2014.00529	Michael Batalo	Michael	Batalo
http://dx.doi.org/10.3389/fimmu.2014.00529	Allison F. Scalora	Allison F.	Scalora
http://dx.doi.org/10.3389/fimmu.2014.00529	Amir Ahmed Toor	Amir Ahmed	Toor
http://dx.doi.org/10.3389/fimmu.2014.00529	Catherine H. Roberts	Catherine H.	Roberts
http://dx.doi.org/10.3389/fimmu.2014.00529	Gregory A. Buck	Gregory A.	Buck
http://dx.doi.org/10.3389/fimmu.2014.00529	Haniya Khalid	Haniya	Khalid
http://dx.doi.org/10.3389/fimmu.2014.00529	Michael C. Neale	Michael C.	Neale
http://dx.doi.org/10.3389/fimmu.2014.00529	Michael L. Hess	Michael L.	Hess
http://dx.doi.org/10.3389/fimmu.2014.00529	Myrna G. Serrano	Myrna G.	Serrano
http://dx.doi.org/10.3389/fimmu.2014.00529	Nihar U. Sheth	Nihar U.	Sheth
http://dx.doi.org/10.3389/fimmu.2014.00529	Phil Griffith	Phil	Griffith
http://dx.doi.org/10.3389/fimmu.2014.00529	Vishal Koparde	Vishal	Koparde
http://dx.doi.org/10.4049/jimmunol.1302208	Meredith C. Rogers	Meredith C.	Rogers
http://dx.doi.org/10.4049/jimmunol.1302208	Andrew K. Hastings	Andrew K.	Hastings
http://dx.doi.org/10.4049/jimmunol.1302208	John J. Erickson	John J.	Erickson
http://dx.doi.org/10.4049/jimmunol.1302208	John V. Williams	John V.	Williams
http://dx.doi.org/10.4049/jimmunol.1302208	Sharon J. Tollefson	Sharon J.	Tollefson
